keyword,pillar_page,volume,kd,status,position,prev_position,priority,ranking_url
barefoot horse boots,Barefoot Horse Care,30,0,Not Ranking,,,Low,
barefoot horse trim,Barefoot Horse Care,80,0,Not Ranking,,,Low,
barrel racing boots,Hoof Boot Guide,90,0,,7,,Low,https://cavallo-inc.com/barefoot-barrel-racing/
best hoof boots,Hoof Boot Guide,90,0,Top 10,1,,Low,https://cavallo-inc.com/product-category/hoof-boot/
best hoof boots for turnout,Hoof Boot Guide,50,0,Not Ranking,1,,Low,https://cavallo-inc.com/why-trek-makes-the-perfect-therapy-rehab-hoof-boot/
boot pads,Hoof Boot Guide,50,0,Not Ranking,5,,Low,https://cavallo-inc.com/product-category/hoof-boot-accessories/hoof-boot-pads/
boots for horses,Hoof Boot Guide,450,0,,13,,Medium,https://cavallo-inc.com/product-category/hoof-boot/
boots for horses hooves,Hoof Boot Guide,70,1,Top 10,6,,Low,https://cavallo-inc.com/
boots for horses with laminitis,Hoof Health & Conditions,50,0,Top 10,4,,Low,https://cavallo-inc.com/faq/cavallo-hoof-boots-for-laminitis/
boots horse,Hoof Boot Guide,80,1,,4,,Low,https://cavallo-inc.com/product-category/hoof-boot/
can horses feel their hooves,Hoof Health & Conditions,60,0,,9,,Low,https://cavallo-inc.com/nerves-bloodflow-keeping-the-hoof-alive/
cavallo,Hoof Boot Guide,1700,10,Not Ranking,3,,High,https://cavallo-inc.com/
cavallo boot size chart,Hoof Boot Guide,70,0,Not Ranking,1,,Low,https://cavallo-inc.com/how-to-measure/
cavallo boots,Hoof Boot Guide,800,0,Top 10,1,,High,https://cavallo-inc.com/product-category/hoof-boot/
cavallo boots for horses,Hoof Boot Guide,150,1,Not Ranking,1,,Medium,https://cavallo-inc.com/product-category/hoof-boot/
cavallo boots size chart,Hoof Boot Guide,80,0,Not Ranking,1,,Low,https://cavallo-inc.com/how-to-measure/
cavallo hoof boot size chart,Hoof Boot Guide,60,0,Top 10,1,,Low,https://cavallo-inc.com/how-to-measure/
cavallo hoof boots,Hoof Boot Guide,500,0,Top 10,1,1,Medium,/
cavallo hoof boots size chart,Hoof Boot Guide,100,0,Not Ranking,1,,Medium,https://cavallo-inc.com/how-to-measure/
cavallo horse,Hoof Boot Guide,60,0,Top 10,4,,Low,https://cavallo-inc.com/
cavallo horse boots,Hoof Boot Guide,600,0,Top 10,1,,High,https://cavallo-inc.com/product-category/hoof-boot/
cavallo in english,Hoof Boot Guide,70,0,Not Ranking,1,,Low,https://cavallo-inc.com/cavallo-is-all-about-the-horse/
cavallo riding boots,Hoof Boot Guide,100,0,Top 10,8,,Medium,https://cavallo-inc.com/
cavallo size chart,Hoof Boot Guide,50,0,Not Ranking,1,,Low,https://cavallo-inc.com/how-to-measure/
cavallo trek boots,Hoof Boot Guide,200,0,Top 10,1,1,Low,/product/trek-regular-sole-hoof-boot
cavello,Hoof Boot Guide,200,28,,1,,Medium,https://cavallo-inc.com/
cavellos,Hoof Boot Guide,100,21,,1,,Medium,https://cavallo-inc.com/
comfort pads,Hoof Boot Guide,90,0,Not Ranking,1,,Low,https://cavallo-inc.com/product/comfort-pad/
contracted heels in horses,Hoof Health & Conditions,50,0,,10,,Low,https://cavallo-inc.com/contracted-heels-101/
donkey boots,Hoof Boot Guide,60,0,Top 10,2,,Low,https://cavallo-inc.com/product/leb-long-ear-hoof-boot/
draft horse boots,Hoof Boot Guide,50,0,Not Ranking,1,,Low,https://cavallo-inc.com/product/big-foot-draft-size-hoof-boots/
early signs of navicular in horses,Hoof Health & Conditions,80,0,Not Ranking,1,,Low,https://cavallo-inc.com/is-navicular-disease-always-the-beginning-of-the-end/
equine boots,Hoof Boot Guide,80,1,Not Ranking,5,,Low,https://cavallo-inc.com/product-category/hoof-boot/
founder horse,Hoof Health & Conditions,700,15,Not Ranking,,,Medium,
heel bulb horse,Hoof Health & Conditions,60,0,,1,,Low,https://cavallo-inc.com/say-hello-to-healthy-heel-bulbs/
hoof boot,Hoof Boot Guide,150,5,Top 10,4,,Medium,https://cavallo-inc.com/product/big-foot-draft-size-hoof-boots/
hoof boot sizing,Hoof Boot Guide,100,5,Top 10,1,1,Low,/pages/sizing-chart
hoof boots for horses,Hoof Boot Guide,500,12,Top 10,4,5,Medium,
hoof care,Barefoot Horse Care,400,11,Not Ranking,,,Medium,
hoof covers for horses,Hoof Boot Guide,50,0,Top 10,8,,Low,https://cavallo-inc.com/overboots-for-metal-horseshoes/
hoof pads,Hoof Boot Guide,50,0,Not Ranking,14,,Low,https://cavallo-inc.com/product-category/hoof-boot-accessories/hoof-boot-pads/
hoof pick,Hoof Boot Guide,1600,0,,30,,High,https://cavallo-inc.com/product/hoof-pick/
hoof shoes,Hoof Boot Guide,4400,0,Not Ranking,16,,High,https://cavallo-inc.com/
hoofs,Hoof Boot Guide,1300,7,,26,,High,https://cavallo-inc.com/
hoove boots,Hoof Boot Guide,80,1,Top 10,4,,Low,https://cavallo-inc.com/product-category/hoof-boot/
horse boot,Hoof Boot Guide,150,3,Top 10,7,,Medium,https://cavallo-inc.com/product-category/hoof-boot/
horse boots,Hoof Boot Guide,2200,2,Top 10,3,,High,https://cavallo-inc.com/product-category/hoof-boot/
horse boots for barefoot horses,Barefoot Horse Care,30,0,Not Ranking,,,Low,
horse boots for horses,Hoof Boot Guide,70,4,Not Ranking,4,,Low,https://cavallo-inc.com/product-category/hoof-boot/
horse boots for humans,Hoof Boot Guide,90,2,Not Ranking,7,,Low,https://cavallo-inc.com/
horse boots for laminitis,Hoof Health & Conditions,100,0,Top 10,1,1,Low,/product/cavallo-clb-cute-little-boot
horse boots for riding,Hoof Boot Guide,200,10,Not Ranking,6,,Medium,https://cavallo-inc.com/
horse feet shoes,Hoof Boot Guide,150,4,Not Ranking,5,,Medium,https://cavallo-inc.com/product-category/hoof-boot/
horse foot shoes,Hoof Boot Guide,60,0,Not Ranking,7,,Low,https://cavallo-inc.com/
horse founder,Hoof Health & Conditions,900,3,Not Ranking,,,Medium,
horse heel bulb,Hoof Health & Conditions,60,0,,1,,Low,https://cavallo-inc.com/say-hello-to-healthy-heel-bulbs/
horse hoof anatomy,Hoof Health & Conditions,2500,8,Not Ranking,,,High,
horse hoof boot,Hoof Boot Guide,80,2,Top 10,5,,Low,https://cavallo-inc.com/product-category/hoof-boot/
horse hoof boots,Hoof Boot Guide,900,2,Top 10,5,5,Medium,/collections/horse-hoof-boots
horse hoof care,Hoof Health & Conditions,1000,8,Not Ranking,,,Medium,
horse hoof shoes,Hoof Boot Guide,400,0,Striking Distance,11,,Medium,https://cavallo-inc.com/
horse hoof trimming,Barefoot Horse Care,200,0,Not Ranking,,,Medium,
horse leg anatomy,Hoof Health & Conditions,2100,0,Not Ranking,,,High,
horse saddle pad western,Hoof Boot Guide,90,3,Not Ranking,9,,Low,https://cavallo-inc.com/product-category/saddle-pads/western-saddle-pads/
horse shoe boots,Hoof Boot Guide,80,2,Not Ranking,5,,Low,https://cavallo-inc.com/product-category/hoof-boot/
horses boots,Hoof Boot Guide,70,1,,9,,Low,https://cavallo-inc.com/
how do wild horses keep their hooves trimmed,Barefoot Horse Care,200,0,Not Ranking,,,Medium,
how do wild horses maintain their hooves,Barefoot Horse Care,700,5,Not Ranking,,,Medium,
how do wild horses trim their hooves,Barefoot Horse Care,600,0,Not Ranking,,,High,
how often should a barefoot horse be trimmed,Barefoot Horse Care,30,0,Not Ranking,,,Low,
how to clean a horse hoof,Hoof Health & Conditions,500,5,Not Ranking,,,Medium,
laminitic hoof,Hoof Health & Conditions,50,4,Striking Distance,11,,Low,https://cavallo-inc.com/your-cavallo-laminitis-healing-plan/
laminitis,Hoof Health & Conditions,5500,14,Not Ranking,,,High,
laminitis boots for horses,Hoof Health & Conditions,50,0,Top 10,4,,Low,https://cavallo-inc.com/faq/cavallo-hoof-boots-for-laminitis/
laminitis hoof,Hoof Health & Conditions,80,6,Top 10,6,,Low,https://cavallo-inc.com/your-cavallo-laminitis-healing-plan/
laminitis horse,Hoof Health & Conditions,1000,16,Not Ranking,,,Medium,
mini horse boots,Hoof Boot Guide,90,0,Not Ranking,2,,Low,https://cavallo-inc.com/product-category/hoof-boot/mini-hoof-boots/
mule boot,Hoof Boot Guide,60,0,Not Ranking,13,,Low,https://cavallo-inc.com/mules-rocking-cavallo-boots/
navicular,Hoof Health & Conditions,4600,4,Not Ranking,,,High,
navicular bone horse,Hoof Health & Conditions,450,3,Not Ranking,,,Medium,
navicular disease in horses,Hoof Health & Conditions,400,0,Not Ranking,,,Medium,
navicular in horses,Hoof Health & Conditions,1600,3,Page 3+,27,,High,https://cavallo-inc.com/is-navicular-disease-always-the-beginning-of-the-end/
navicular in horses,Hoof Health & Conditions,1900,3,Not Ranking,27,,High,https://cavallo-inc.com/is-navicular-disease-always-the-beginning-of-the-end/
navicular in horses symptoms,Hoof Health & Conditions,80,0,Not Ranking,7,,Low,https://cavallo-inc.com/is-navicular-disease-always-the-beginning-of-the-end/
pastern wraps,Hoof Boot Guide,100,0,,1,,Medium,https://cavallo-inc.com/product-category/hoof-boot-accessories/pastern-wraps/
pastern wraps for horses,Hoof Boot Guide,100,0,,1,,Medium,https://cavallo-inc.com/product-category/hoof-boot-accessories/pastern-wraps/
pony hoof boots,Hoof Boot Guide,50,24,Top 10,6,,Low,https://cavallo-inc.com/
properly trimmed horse hoof,Barefoot Horse Care,150,0,Not Ranking,,,Medium,
replacement velcro straps for walking boot,Hoof Boot Guide,50,0,Not Ranking,9,,Low,https://cavallo-inc.com/product/simple-boot-replacement-straps/
splint boots,Hoof Boot Guide,700,0,,7,,High,https://cavallo-inc.com/product/proflex/
therapeutic hoof boots,Hoof Boot Guide,70,1,Top 10,7,,Low,https://cavallo-inc.com/using-cavallo-boots-for-hoof-rehab/
trail boots for horses,Hoof Boot Guide,150,1,,9,,Medium,https://cavallo-inc.com/product-category/hoof-boot/
velcro boot straps,Hoof Boot Guide,60,0,Not Ranking,7,,Low,https://cavallo-inc.com/product-category/hoof-boot-accessories/cavallo-hoof-boots-velcro-replacement-straps/
what causes laminitis in horses,Hoof Health & Conditions,450,7,Not Ranking,,,Medium,
what is laminitis,Hoof Health & Conditions,500,13,Not Ranking,,,Medium,
what is laminitis in horses,Hoof Health & Conditions,800,10,Not Ranking,,,Medium,
when to euthanize a horse with navicular,Hoof Health & Conditions,150,0,,7,,Medium,https://cavallo-inc.com/is-navicular-disease-always-the-beginning-of-the-end/
white line disease barefoot horse,Barefoot Horse Care,100,0,Not Ranking,,,Low,
wild horse hooves,Barefoot Horse Care,500,0,Not Ranking,,,High,
wild horse hooves vs domestic,Barefoot Horse Care,100,0,Not Ranking,,,Medium,
